Ticker,Company,Market Cap,P/E Ratio,EPS,Price,52 Week High,52 Week Low
MMM,3M Company,70760022016.0,13.519251,9.61,129.92,141.34,75.652176
AOS,A.O. Smith Corporation,10546932736.0,19.126648,3.79,72.49,92.45,70.73
ABT,Abbott Laboratories,197136072704.0,34.462006,3.29,113.38,121.64,99.71
ABBV,AbbVie Inc.,308456423424.0,60.407665,2.87,173.37,207.32,151.29
ACN,Accenture plc,226400600064.0,31.325764,11.45,358.68,387.51,278.69
ADBE,Adobe Inc.,237519601664.0,37.73825,12.34,465.69,638.25,433.97
AMD,"Advanced Micro Devices, Inc.",205950828544.0,111.32457,1.14,126.91,227.3,121.83
AES,The AES Corporation,9541351424.0,9.270833,1.44,13.35,22.21,12.53
AFL,AFLAC Incorporated,58063785984.0,15.53046,6.73,104.52,115.5,75.08
A,"Agilent Technologies, Inc.",39720640512.0,31.447964,4.42,139.0,155.35,124.16
APD,"Air Products and Chemicals, Inc",69777186816.0,18.104347,17.25,312.3,337.0,212.24
ABNB,"Airbnb, Inc.",82629189632.0,45.311417,2.89,130.95,170.1,110.38
AKAM,"Akamai Technologies, Inc.",14911503360.0,29.360945,3.38,99.24,129.17,84.7
ALB,Albemarle Corporation,11742243840.0,,-16.76,99.38,153.54,71.97
ARE,Alexandria Real Estate Equities,18066929664.0,62.597565,1.64,102.66,133.51,101.385
ALGN,"Align Technology, Inc.",17855860736.0,40.100513,5.87,235.39,335.4,196.09
ALLE,Allegion plc,12171531264.0,21.358461,6.5,138.83,156.1,113.27
LNT,Alliant Energy Corporation,15511410688.0,23.521402,2.57,60.45,64.19,46.8
ALL,Allstate Corporation (The),52240486400.0,12.694695,15.46,196.26,209.88,134.17
GOOGL,Alphabet Inc.,2372389568512.0,25.175068,7.54,189.82,195.61,130.67
GOOG,Alphabet Inc.,2371255533568.0,25.41567,7.53,191.38,196.89,131.55
MO,"Altria Group, Inc.",93078962176.0,9.277026,5.92,54.92,58.04,39.25
AMZN,"Amazon.com, Inc.",2405230444544.0,48.70664,4.67,227.46,231.2,144.05
AMCR,Amcor plc,14351831040.0,18.679245,0.53,9.9,11.48,8.78
AMTM,"Amentum Holdings, Inc.",5665113600.0,13.720238,1.68,23.05,34.5,21.24
AEE,Ameren Corporation,23996803072.0,21.138823,4.25,89.84,95.69,67.03
AEP,American Electric Power Company,49788882944.0,18.691532,4.96,92.71,105.18,75.22
AXP,American Express Company,214286761984.0,22.216177,13.6,302.14,307.82,177.5
AIG,"American International Group, I",46194262016.0,14.487078,5.03,72.87,80.83,65.69
AMT,American Tower Corporation (REI,92941033472.0,47.508434,4.15,197.16,243.56,170.46
AWK,"American Water Works Company, I",25256312832.0,25.712301,5.04,129.59,150.68,113.34
AMP,"Ameriprise Financial, Inc.",53623865344.0,20.991219,26.19,549.76,577.0,368.41
AME,"AMETEK, Inc.",43390648320.0,32.587826,5.75,187.38,198.33,149.03
AMGN,Amgen Inc.,145467179008.0,34.517857,7.84,270.62,346.85,257.8
APH,Amphenol Corporation,88769060864.0,42.31609,1.74,73.63,74.93,46.945
ADI,"Analog Devices, Inc.",107502895104.0,65.838905,3.29,216.61,244.14,181.81
ANSS,"ANSYS, Inc.",29964767232.0,52.42527,6.49,340.24,364.31,289.82
AON,Aon plc,78113120256.0,30.923801,11.68,361.19,395.33,268.06
APA,APA Corporation,8456988672.0,3.2471592,7.04,22.86,37.82,20.95
AAPL,Apple Inc.,3750683475968.0,40.810856,6.08,248.13,250.8,164.08
AMAT,"Applied Materials, Inc.",141305643008.0,19.668991,8.61,169.35,255.89,148.05
APTV,Aptiv PLC,13706484736.0,6.455457,8.98,57.97,91.66,51.47
ACGL,Arch Capital Group Ltd.,35204673536.0,6.2697988,14.9,93.42,116.47,72.85
ADM,Archer-Daniels-Midland Company,25075183616.0,14.719102,3.56,52.4,76.62,48.92
ANET,"Arista Networks, Inc.",142022197248.0,54.02404,2.08,112.37,112.77,56.65
AJG,Arthur J. Gallagher & Co.,71695622144.0,54.414913,5.23,284.59,316.72,218.63
AIZ,"Assurant, Inc.",11171934208.0,15.570408,13.99,217.83,230.55,160.12
T,AT&T Inc.,170423091200.0,19.211382,1.23,23.63,24.03,15.94
ATO,Atmos Energy Corporation,21846132736.0,20.582724,6.83,140.58,152.65,110.46
ADSK,"Autodesk, Inc.",65465163776.0,60.271824,5.04,303.77,326.62,195.32
ADP,"Automatic Data Processing, Inc.",121726500864.0,31.739037,9.35,296.76,309.63,227.12
AZO,"AutoZone, Inc.",56692322304.0,22.521017,149.65,3370.27,3416.71,2510.0
AVB,"AvalonBay Communities, Inc.",32205299712.0,30.931692,7.32,226.42,239.29,169.37
AVY,Avery Dennison Corporation,15678796800.0,23.454329,8.32,195.14,233.48,193.49
AXON,"Axon Enterprise, Inc.",49644199936.0,168.8246,3.82,644.91,698.67,241.72
BKR,Baker Hughes Company,41836617728.0,18.901346,2.23,42.15,45.17,28.32
BALL,Ball Corporation,17380329472.0,24.266666,2.4,58.24,71.32,54.06
BAC,Bank of America Corporation,350420434944.0,16.5471,2.76,45.67,48.08,31.27
BAX,Baxter International Inc.,15561345024.0,121.28,0.25,30.32,44.01,30.055
BDX,"Becton, Dickinson and Company",65214353408.0,38.491467,5.86,225.56,249.89,218.75
BRK.B,,,,,,,
BBY,"Best Buy Co., Inc.",18728529920.0,14.999999,5.84,87.6,103.71,69.29
TECH,Bio-Techne Corp,12046896128.0,79.67369,0.95,75.69,85.57,61.16
BIIB,Biogen Inc.,22162130944.0,13.565099,11.06,150.03,268.3,149.935
BLK,"BlackRock, Inc.",164631117824.0,26.055243,40.55,1056.54,1082.45,745.55
BX,Blackstone Inc.,231065092096.0,64.74914,2.91,188.42,200.96,114.88
BK,The Bank of New York Mellon Cor,57387610112.0,17.635347,4.47,78.83,82.72,50.87
BA,Boeing Company (The),126928052224.0,,-12.93,169.65,267.54,137.03
BKNG,Booking Holdings Inc. Common St,173807042560.0,35.307377,148.06,5227.61,5337.24,3180.0
BWA,BorgWarner Inc.,7455213056.0,8.428218,4.04,34.05,38.23,29.51
BSX,Boston Scientific Corporation,133012267008.0,74.47107,1.21,90.11,91.93,54.95
BMY,Bristol-Myers Squibb Company,113875427328.0,,-3.58,55.78,61.08,39.35
AVGO,Broadcom Inc.,1064706768896.0,175.625,1.28,224.8,228.7,104.151
BR,"Broadridge Financial Solutions,",27297087488.0,40.403114,5.78,233.53,237.96,188.3
BRO,"Brown & Brown, Inc.",29923368960.0,28.389647,3.67,104.19,114.15,69.13
BF.B,,,,,,,
BLDR,"Builders FirstSource, Inc.",19319693312.0,16.284735,10.22,166.43,214.7,130.75
BG,Bunge Limited,11705884672.0,10.475286,7.89,82.65,114.92,81.95
BXP,"BXP, Inc.",14106365952.0,34.752174,2.3,79.93,90.11,56.46
CHRW,"C.H. Robinson Worldwide, Inc.",13165672448.0,38.53979,2.89,111.38,114.82,65.0
CDNS,"Cadence Design Systems, Inc.",84282933248.0,80.936676,3.79,306.75,328.99,241.29
CZR,"Caesars Entertainment, Inc.",7863884288.0,,-1.68,37.01,49.65,31.74
CPT,Camden Property Trust,12819855360.0,37.908516,3.17,120.17,127.69,90.5
CPB,The Campbell's Company,12839608320.0,23.491804,1.83,42.99,52.81,40.26
COF,Capital One Financial Corporati,70895501312.0,17.424929,10.59,184.53,198.3,123.23
CAH,"Cardinal Health, Inc.",28581380096.0,22.711538,5.2,118.1,126.23,93.17
KMX,CarMax Inc,13397644288.0,32.42857,2.66,86.26,88.22,65.83
CCL,Carnival Corporation,35324751872.0,22.136753,1.17,25.9,27.17,13.78
CARR,Carrier Global Corporation,65649061888.0,42.94706,1.7,73.01,83.32,53.13
CTLT,"Catalent, Inc.",11482461184.0,,-2.28,63.07,63.25,40.85
CAT,"Caterpillar, Inc.",187614265344.0,17.657078,21.55,380.51,418.5,276.94
CBOE,"Cboe Global Markets, Inc.",21328197632.0,27.418827,7.33,200.98,221.66,166.13
CBRE,CBRE Group Inc,42016268288.0,44.43366,3.09,137.3,142.0,82.75
CDW,CDW Corporation,23488868352.0,21.549572,8.17,176.06,263.37,172.95
CE,Celanese Corporation,7496616960.0,6.8306775,10.04,68.58,172.16,67.025
COR,"Cencora, Inc.",44887347200.0,30.88298,7.52,232.24,253.27,196.63
CNC,Centene Corporation,29999077376.0,10.262522,5.79,59.42,81.42,55.03
CNP,"CenterPoint Energy, Inc (Holdin",20816160768.0,21.293333,1.5,31.94,33.0,25.41
CF,"CF Industries Holdings, Inc.",15574790144.0,14.183835,6.31,89.5,94.46,69.13
CRL,Charles River Laboratories Inte,9739401216.0,23.8075,8.0,190.46,275.0,176.48
SCHW,Charles Schwab Corporation (The,144828809216.0,31.070314,2.56,79.54,83.35,59.67
CHTR,"Charter Communications, Inc.",53998641152.0,11.909062,31.89,379.78,415.27,236.08
CVX,Chevron Corporation,276998324224.0,16.90879,9.1,153.87,167.11,135.37
CMG,"Chipotle Mexican Grill, Inc.",88009678848.0,59.80555,1.08,64.59,69.2614,44.0818
CB,Chubb Limited,111630917632.0,11.315164,24.4,276.09,302.05,216.91
CHD,"Church & Dwight Company, Inc.",25923315712.0,47.372196,2.23,105.64,113.5,90.26
CI,The Cigna Group,81467400192.0,26.716585,10.55,281.86,370.83,279.88
CINF,Cincinnati Financial Corporatio,23794270208.0,7.8222,19.46,152.22,161.75,100.31
CTAS,Cintas Corporation,85184815104.0,53.338383,3.96,211.22,228.12,138.3875
CSCO,"Cisco Systems, Inc.",233469378560.0,25.158798,2.33,58.62,60.23,44.5
C,"Citigroup, Inc.",135295352832.0,20.23077,3.51,71.01,73.38,49.17
CFG,"Citizens Financial Group, Inc.",20445173760.0,17.92157,2.55,45.7,49.25,30.24
CLX,Clorox Company (The),20412805120.0,57.25694,2.88,164.9,171.37,127.6
CME,CME Group Inc.,85473550336.0,24.941114,9.51,237.19,249.02,190.7
CMS,CMS Energy Corporation,20114204672.0,19.179487,3.51,67.32,72.4,55.1
KO,Coca-Cola Company (The),271908339712.0,26.19087,2.41,63.12,73.53,57.47
CTSH,Cognizant Technology Solutions ,40130314240.0,17.712389,4.52,80.06,82.41,63.79
CL,Colgate-Palmolive Company,76341510144.0,26.850574,3.48,93.44,109.3,75.5
CMCSA,Comcast Corporation,152378621952.0,10.760107,3.71,39.92,47.11,36.43
CAG,"ConAgra Brands, Inc.",13459098624.0,27.64706,1.02,28.2,33.24,26.21
COP,ConocoPhillips,132333166592.0,11.983392,8.43,101.02,135.18,100.58
ED,"Consolidated Edison, Inc.",32161763328.0,17.422932,5.32,92.69,107.75,85.85
STZ,"Constellation Brands, Inc.",43599183872.0,76.32484,3.14,239.66,274.87,224.76
CEG,Constellation Energy Corporatio,74773209088.0,26.387417,9.06,239.07,288.753,109.44
COO,"The Cooper Companies, Inc.",19431444480.0,48.392857,1.96,94.85,112.38,84.76
CPRT,"Copart, Inc.",59500494848.0,42.818184,1.43,61.23,64.38,46.21
GLW,Corning Incorporated,41226465280.0,253.42107,0.19,48.15,51.03,29.71
CPAY,"Corpay, Inc.",25129230336.0,25.523232,13.99,357.07,385.3,247.1
CTVA,"Corteva, Inc.",41218002944.0,61.968754,0.96,59.49,64.2,44.01
CSGP,"CoStar Group, Inc.",30775697408.0,178.7381,0.42,75.07,100.38,68.26
COST,Costco Wholesale Corporation,442031702016.0,58.197056,17.0,989.35,1007.8,640.5
CTRA,Coterra Energy Inc.,18654150656.0,15.351516,1.65,25.33,28.9,22.3
CRWD,"CrowdStrike Holdings, Inc.",90019897344.0,721.60785,0.51,368.02,398.327,200.81
CCI,Crown Castle Inc.,42378997760.0,34.436172,2.82,97.11,120.92,92.48
CSX,CSX Corporation,64100683776.0,17.680853,1.88,33.24,40.12,31.74
CMI,Cummins Inc.,50415759360.0,24.067453,15.27,367.51,387.9,226.53
CVS,CVS Health Corporation,64859344896.0,12.530457,3.94,49.37,83.25,48.01
DHR,Danaher Corporation,170306289664.0,44.318867,5.3,234.89,281.7,222.53
DRI,"Darden Restaurants, Inc.",19923290112.0,19.248268,8.66,166.69,177.67,135.87
DVA,DaVita Inc.,12657773568.0,16.457973,9.28,152.73,169.52,103.4
DAY,"Dayforce, Inc.",12289013760.0,226.97058,0.34,77.17,82.69,47.08
DECK,Deckers Outdoor Corporation,31587319808.0,36.50707,5.66,206.63,208.45,108.64833
DE,Deere & Company,122848854016.0,17.191256,25.62,440.44,469.39,340.2
DELL,Dell Technologies Inc.,82628231168.0,20.964602,5.65,118.45,179.7,71.05
DAL,"Delta Air Lines, Inc.",40889331712.0,8.532594,7.21,61.52,67.5,36.34
DVN,Devon Energy Corporation,22666600448.0,6.274074,5.4,33.88,55.09,33.39
DXCM,"DexCom, Inc.",30738294784.0,46.781822,1.65,77.19,142.0,62.34
FANG,"Diamondback Energy, Inc.",48184483840.0,9.425274,17.33,163.34,214.5,147.93
DLR,"Digital Realty Trust, Inc.",62593847296.0,149.2258,1.24,185.04,198.0,130.0
DFS,Discover Financial Services,44840222720.0,14.170692,12.42,176.0,188.26,96.46
DG,Dollar General Corporation,17223174144.0,12.69637,6.06,76.94,168.07,72.12
DLTR,"Dollar Tree, Inc.",15242261504.0,,-4.7,70.09,151.22,60.49
D,"Dominion Energy, Inc.",45765181440.0,19.94096,2.71,54.04,61.97,43.53
DPZ,Domino's Pizza Inc,15648867328.0,27.853104,16.27,453.17,542.75,395.08
DOV,Dover Corporation,27576963072.0,18.257038,11.01,201.01,208.26,143.97
DOW,Dow Inc.,28758206464.0,27.24,1.5,40.86,60.69,40.4345
DHI,"D.R. Horton, Inc.",48919965696.0,10.458478,14.33,149.87,199.85,133.02
DTE,DTE Energy Company,25162932224.0,16.433603,7.38,121.28,131.67,102.17
DUK,Duke Energy Corporation (Holdin,84392632320.0,19.536804,5.57,108.82,121.25,90.09
DD,"DuPont de Nemours, Inc.",33940754432.0,63.15625,1.28,80.84,90.06,61.14
EMN,Eastman Chemical Company,11417430016.0,13.203753,7.46,98.5,114.5,80.71
ETN,"Eaton Corporation, PLC",141977862144.0,37.873405,9.4,356.01,379.99,231.84
EBAY,eBay Inc.,30579359744.0,16.080605,3.97,63.84,67.8,40.16
ECL,Ecolab Inc.,70847127552.0,35.04202,7.14,250.2,262.61,193.46
EIX,Edison International,31703713792.0,23.944445,3.42,81.89,88.77,63.15
EW,Edwards Lifesciences Corporatio,43244134400.0,28.308882,2.59,73.32,96.12,58.93
EA,Electronic Arts Inc.,41677561856.0,40.415382,3.9,157.62,168.5,124.92
ELV,"Elevance Health, Inc.",90133667840.0,13.884602,27.47,381.41,567.26,375.29
EMR,Emerson Electric Company,74240040960.0,46.17021,2.82,130.2,134.85,91.65
ENPH,"Enphase Energy, Inc.",10144360448.0,160.52173,0.46,73.84,141.63,58.33
ETR,Entergy Corporation,31835299840.0,18.06326,4.11,74.24,79.035,48.075
EOG,"EOG Resources, Inc.",71859568640.0,10.231638,12.39,126.77,139.67,108.94
EPAM,"EPAM Systems, Inc.",14038910976.0,31.77143,7.7,244.64,317.5,169.43
EQT,EQT Corporation,27202824192.0,60.786667,0.75,45.59,48.02,30.02
EFX,"Equifax, Inc.",32947681280.0,58.937912,4.51,265.81,309.63,213.02
EQIX,"Equinix, Inc.",93111115776.0,86.78058,11.12,965.0,994.03,684.14
EQR,Equity Residential,28267026432.0,30.919832,2.37,73.28,78.83,57.33
ERIE,Erie Indemnity Company,21820936192.0,39.398876,10.68,420.78,547.0,321.05
ESS,"Essex Property Trust, Inc.",19684632576.0,35.022194,8.56,299.79,317.73,223.06
EL,"Estee Lauder Companies, Inc. (T",28803514368.0,142.92857,0.56,80.04,159.75,62.29
EG,"Everest Group, Ltd.",15593065472.0,5.659179,64.11,362.81,407.3,343.76
EVRG,"Evergy, Inc.",14272175104.0,16.732431,3.7,61.91,65.47,48.04
ES,Eversource Energy (D/B/A),21881219072.0,,-1.61,59.52,69.01,52.09
EXC,Exelon Corporation,37048082432.0,15.172838,2.43,36.87,41.19,33.35
EXPE,"Expedia Group, Inc.",24216573952.0,23.766233,7.7,183.0,192.34,107.25
EXPD,Expeditors International of Was,16678623232.0,23.101364,5.13,118.51,131.59,111.2
EXR,Extra Space Storage Inc,35024531456.0,42.186665,3.75,158.2,184.87,131.02
XOM,Exxon Mobil Corporation,487588429824.0,13.803238,8.03,110.84,126.34,95.77
FFIV,"F5, Inc.",15345967104.0,27.41466,9.55,261.81,264.5,159.01
FDS,FactSet Research Systems Inc.,18620993536.0,35.085426,13.93,488.74,499.87,391.84
FICO,Fair Isaac Corporation,52931538944.0,106.42247,20.38,2168.89,2402.52,1105.65
FAST,Fastenal Company,45079527424.0,39.039803,2.01,78.47,84.88,61.33
FRT,Federal Realty Investment Trust,9707148288.0,33.212208,3.44,114.25,118.34,95.98
FDX,FedEx Corporation,69246033920.0,17.495062,16.2,283.42,313.84,234.45
FIS,Fidelity National Information S,45472870400.0,86.70103,0.97,84.1,91.98,58.24
FITB,Fifth Third Bancorp,30737778688.0,15.183333,3.0,45.55,49.07,32.29
FSLR,"First Solar, Inc.",21885829120.0,17.21293,11.6,199.67,306.77,135.88
FE,FirstEnergy Corp.,23208286208.0,25.980646,1.55,40.27,44.97,35.41
FI,"Fiserv, Inc.",116434960384.0,39.509655,5.18,204.66,223.23,131.41
FMC,FMC Corporation,6917657088.0,4.3888435,12.19,53.5,68.72,50.03
F,Ford Motor Company,41372356608.0,11.806819,0.88,10.39,14.85,9.49
FTNT,"Fortinet, Inc.",75074068480.0,49.221104,1.99,97.95,100.59,54.57
FTV,Fortive Corporation,27169779712.0,30.744,2.5,76.86,87.1,66.15
FOXA,Fox Corporation,20385075200.0,11.511003,4.09,47.08,47.6725,28.285
FOX,Fox Corporation,20388206592.0,10.933985,4.09,44.72,45.272,25.815
BEN,"Franklin Resources, Inc.",11655942144.0,25.847057,0.85,21.97,30.32,18.95
FCX,"Freeport-McMoRan, Inc.",61068259328.0,30.137682,1.38,41.59,55.24,36.26
GRMN,Garmin Ltd.,42281508864.0,27.40458,7.86,215.4,222.97,119.15
IT,"Gartner, Inc.",39556104192.0,37.607986,13.52,508.46,559.0,411.15
GE,GE Aerospace,183824515072.0,32.679134,5.08,166.01,194.8,97.230644
GEHC,GE HealthCare Technologies Inc.,37560733696.0,22.219177,3.65,81.1,94.55,71.31
GEV,GE Vernova Inc.,95372869632.0,78.67536,4.22,332.01,357.09,119.0
GEN,Gen Digital Inc.,18402598912.0,30.161617,0.99,29.86,31.72,19.08
GNRC,Generac Holdlings Inc.,9950923776.0,34.916492,4.79,167.25,195.94,108.89
GD,General Dynamics Corporation,73004343296.0,20.038841,13.13,263.11,316.9,247.36
GIS,"General Mills, Inc.",37023551488.0,15.878572,4.2,66.69,75.9,61.48
GM,General Motors Company,57761988608.0,5.6061897,9.37,52.53,61.24,34.32
GPC,Genuine Parts Company,17021469696.0,15.621134,7.76,121.22,164.45,112.74
GILD,"Gilead Sciences, Inc.",114476130304.0,1020.6111,0.09,91.855,98.9,62.07
GPN,Global Payments Inc.,29392285696.0,21.549055,5.3,114.21,141.78,91.6
GL,Globe Life Inc.,8896909312.0,8.933898,11.8,105.42,132.0,38.95
GDDY,GoDaddy Inc.,29030051840.0,16.608835,12.45,206.78,210.3,99.9
GS,"Goldman Sachs Group, Inc. (The)",184083120128.0,17.149385,34.14,585.48,612.73,372.07
HAL,Halliburton Company,25465804800.0,10.027972,2.86,28.68,41.56,27.26
HIG,Hartford Financial Services Gro,33109106688.0,11.253013,9.96,112.08,124.9,78.33
HAS,"Hasbro, Inc.",8659987456.0,,-4.64,61.76,73.46,46.09
HCA,"HCA Healthcare, Inc.",80320561152.0,14.090215,22.28,313.93,417.14,263.22
DOC,"Healthpeak Properties, Inc.",14756312064.0,42.367348,0.49,20.76,23.26,16.02
HSIC,"Henry Schein, Inc.",9550564352.0,31.393442,2.44,76.6,82.63,63.67
HSY,The Hershey Company,35651219456.0,21.045979,8.7,183.1,211.92,168.16
HES,Hess Corporation,43583975424.0,16.340326,8.58,140.2,163.98,123.79
HPE,Hewlett Packard Enterprise Comp,28417202176.0,11.310881,1.93,21.83,24.24,14.465
HLT,Hilton Worldwide Holdings Inc.,61870592000.0,54.00855,4.68,252.76,259.01,175.87
HOLX,"Hologic, Inc.",16812160000.0,22.183735,3.32,73.65,84.67,70.24
HD,"Home Depot, Inc. (The)",421170642944.0,28.346704,14.71,416.98,439.37,323.77
HON,Honeywell International Inc.,148899889152.0,26.314451,8.65,227.62,242.77,189.66
HRL,Hormel Foods Corporation,18133733376.0,22.408161,1.47,32.94,36.86,28.51
HST,"Host Hotels & Resorts, Inc.",13241408512.0,18.038836,1.03,18.58,21.31,15.71
HWM,Howmet Aerospace Inc.,47046791168.0,43.626926,2.6,113.43,120.71,52.38
HPQ,HP Inc.,33285746688.0,12.295374,2.81,34.55,39.8,27.43
HUBB,Hubbell Inc,24434786304.0,32.658028,13.89,453.62,481.345,315.375
HUM,Humana Inc.,33663031296.0,23.91972,11.46,274.12,475.0,213.31
HBAN,Huntington Bancshares Incorpora,25264453632.0,16.669903,1.03,17.17,18.45,12.02
HII,"Huntington Ingalls Industries, ",7544703488.0,10.861504,17.69,192.14,299.5,184.29
IBM,International Business Machines,213426569216.0,33.69635,6.85,230.82,239.35,157.89
IEX,IDEX Corporation,17125731328.0,34.520123,6.46,223.0,246.36,189.51
IDXX,"IDEXX Laboratories, Inc.",35382382592.0,41.708496,10.36,432.1,583.39,398.5
ITW,Illinois Tool Works Inc.,80354074624.0,23.559305,11.55,272.11,279.13,232.77
INCY,Incyte Corporation,13515661312.0,761.6667,0.09,68.55,83.95,50.35
IR,Ingersoll Rand Inc.,40849051648.0,49.317074,2.05,101.1,106.03,74.01
PODD,Insulet Corporation,19013761024.0,45.884155,5.87,269.34,279.77,160.19
INTC,Intel Corporation,87726415872.0,,-3.74,20.34,51.28,18.51
ICE,Intercontinental Exchange Inc.,90260520960.0,36.95487,4.21,155.58,167.99,121.56
IFF,International Flavors & Fragran,22346606592.0,,-9.08,87.4,106.77,72.94
IP,International Paper Company,19295041536.0,47.47009,1.17,55.54,60.36,32.7
IPG,"Interpublic Group of Companies,",11254123520.0,14.099057,2.12,29.89,35.17,26.88
INTU,Intuit Inc.,183751507968.0,63.79495,10.29,656.45,714.78,557.29
ISRG,"Intuitive Surgical, Inc.",192187072512.0,86.88889,6.21,539.58,556.23,320.26
IVZ,Invesco Ltd,8116719616.0,,-0.91,18.04,18.94,14.16
INVH,Invitation Homes Inc.,20326012928.0,45.930553,0.72,33.07,37.8,31.01
IQV,"IQVIA Holdings, Inc.",36255592448.0,26.157686,7.61,199.06,261.73,187.62
IRM,Iron Mountain Incorporated (Del,32887635968.0,310.8333,0.36,111.9,130.24,64.68
JBHT,"J.B. Hunt Transport Services, I",18214344704.0,32.62976,5.51,179.79,219.51,153.12
JBL,Jabil Inc.,15254150144.0,12.097583,11.17,135.13,156.94,95.85
JKHY,"Jack Henry & Associates, Inc.",13118082048.0,32.8702,5.47,179.8,189.63,157.0
J,Jacobs Solutions Inc.,16982240256.0,28.599167,4.79,136.99,150.54,105.16291
JNJ,Johnson & Johnson,353971470336.0,24.234709,6.05,146.62,168.85,143.13
JCI,Johnson Controls International ,55169400832.0,39.72596,2.08,82.63,87.16,51.71
JPM,JP Morgan Chase & Co.,681105686528.0,13.33741,17.99,239.94,254.31,162.39
JNPR,"Juniper Networks, Inc.",12356190208.0,48.986843,0.76,37.23,39.79,28.94
K,Kellanova,27768868864.0,26.943144,2.99,80.56,81.34,52.46
KVUE,Kenvue Inc.,42582343680.0,40.381817,0.55,22.21,24.46,17.67
KDP,Keurig Dr Pepper Inc.,45508898816.0,20.210844,1.66,33.55,38.28,28.62
KEY,KeyCorp,18220830720.0,Infinity,,18.13,20.04,12.94
KEYS,Keysight Technologies Inc.,28736733184.0,47.57143,3.5,166.5,175.39,119.72
KMB,Kimberly-Clark Corporation,43799916544.0,17.012953,7.72,131.34,149.31,117.67
KIM,Kimco Realty Corporation (HC),16589134848.0,45.574074,0.54,24.61,25.83,17.57
KMI,"Kinder Morgan, Inc.",59828695040.0,23.78761,1.13,26.88,28.81,16.47
KKR,KKR & Co. Inc.,143924199424.0,47.931675,3.22,154.34,163.68,78.95
KLAC,KLA Corporation,87749632000.0,29.90668,21.86,653.76,896.32,542.41
KHC,The Kraft Heinz Company,38318600192.0,28.54955,1.11,31.69,38.96,30.4
KR,Kroger Company (The),44931440640.0,16.41799,3.78,62.06,63.59,43.54
LHX,"L3Harris Technologies, Inc.",43179229184.0,35.254345,6.33,223.16,265.74,200.18
LH,Labcorp Holdings Inc.,19405152256.0,44.10836,5.26,232.01,247.99,191.97
LRCX,Lam Research Corporation,101563072512.0,24.679613,3.09,76.26,113.0,68.87
LW,"Lamb Weston Holdings, Inc.",11414879232.0,18.607979,4.26,79.27,111.875,52.99
LVS,Las Vegas Sands Corp.,39529050112.0,26.668316,2.02,53.87,56.61,36.62
LDOS,"Leidos Holdings, Inc.",20512718848.0,17.404545,8.8,153.16,202.9,105.52
LEN,Lennar Corporation,42401050624.0,10.2584715,15.05,154.39,193.8,140.65
LLY,Eli Lilly and Company,722077155328.0,84.76047,9.31,789.12,972.53,561.65
LIN,Linde plc,208230973440.0,32.977272,13.2,435.3,487.49,396.07
LYV,"Live Nation Entertainment, Inc.",31349934080.0,151.05556,0.9,135.95,141.18,86.67
LKQ,LKQ Corporation,9935036416.0,14.01476,2.71,37.98,53.68,35.57
LMT,Lockheed Martin Corporation,119058292736.0,17.91561,27.61,494.65,618.95,413.92
L,Loews Corporation,18405197824.0,11.194149,7.52,84.18,87.45,67.2
LOW,"Lowe's Companies, Inc.",150632595456.0,21.82945,12.02,262.39,287.01,209.55
LULU,lululemon athletica inc.,48970592256.0,28.337917,13.82,391.63,516.39,226.01
LYB,LyondellBasell Industries NV,24661456896.0,11.482549,6.59,75.67,107.02,74.92
MTB,M&T Bank Corporation,33400403968.0,14.740383,13.52,199.29,225.7,128.31
MPC,Marathon Petroleum Corporation,48601026560.0,11.292475,12.89,145.56,221.11,142.84
MKTX,"MarketAxess Holdings, Inc.",8812649472.0,31.627876,7.39,233.73,297.97,192.42
MAR,Marriott International,80256368640.0,30.092241,9.54,287.08,295.45,204.55
MMC,"Marsh & McLennan Companies, Inc",105625608192.0,26.486454,8.12,215.07,235.5,184.28
MLM,"Martin Marietta Materials, Inc.",33874362368.0,17.088087,32.24,550.92,633.23,479.67
MAS,Masco Corporation,17018145792.0,20.94681,3.76,78.76,86.7,63.6
MA,Mastercard Incorporated,487393067008.0,40.07576,13.2,529.0,536.75,411.6
MTCH,"Match Group, Inc.",8129227264.0,14.103139,2.23,31.45,42.425,27.655
MKC,"McCormick & Company, Incorporat",21609574400.0,27.40136,2.94,80.56,85.49,63.88
MCD,McDonald's Corporation,212549500928.0,26.040386,11.39,296.6,317.9,243.53
MCK,McKesson Corporation,73147908096.0,29.779844,19.35,576.24,637.51,431.35
MDT,Medtronic plc.,106005774336.0,25.223244,3.27,82.48,92.68,75.96
MRK,"Merck & Company, Inc.",258023276544.0,21.338911,4.78,102.0,134.63,94.48
META,"Meta Platforms, Inc.",1570757148672.0,29.2756,21.19,620.35,638.4,331.22
MET,"MetLife, Inc.",57463930880.0,16.833672,4.93,82.99,89.05,64.61
MTD,"Mettler-Toledo International, I",26947725312.0,34.485012,37.03,1276.98,1546.93,1115.64
MGM,MGM Resorts International,10834146304.0,12.992832,2.79,36.25,48.25,33.44
MCHP,Microchip Technology Incorporat,32193499136.0,41.618053,1.44,59.93,100.57,57.96
MU,"Micron Technology, Inc.",118624272384.0,146.42857,0.7,102.5,157.54,78.63
MSFT,Microsoft Corporation,3325398614016.0,36.995037,12.09,447.27,468.35,366.28
MAA,Mid-America Apartment Communiti,18857123840.0,35.489845,4.43,157.22,167.39,121.51
MRNA,"Moderna, Inc.",16111953920.0,,-5.81,41.83,170.47,35.8
MHK,"Mohawk Industries, Inc.",8102795776.0,14.441807,8.85,127.81,164.29,96.28
MOH,Molina Healthcare Inc,17515282432.0,15.405185,19.67,303.02,423.92,272.69
TAP,Molson Coors Beverage Company,12675078144.0,13.754504,4.44,61.07,69.18,49.19
MDLZ,"Mondelez International, Inc.",83460587520.0,21.960993,2.82,61.93,77.2,60.33
MPWR,"Monolithic Power Systems, Inc.",30580195328.0,68.36405,8.9,608.44,959.64,546.71
MNST,Monster Beverage Corporation,51310153728.0,33.820515,1.56,52.76,61.23,43.32
MCO,Moody's Corporation,89125355520.0,44.741077,10.93,489.02,503.95,360.05
MS,Morgan Stanley,205246496768.0,19.391172,6.57,127.4,136.24,83.09
MOS,Mosaic Company (The),8544831488.0,23.707966,1.13,26.79,38.3,24.12
MSI,"Motorola Solutions, Inc.",79879798784.0,51.512062,9.12,469.79,507.82,307.09
MSCI,MSCI Inc.,48989896704.0,41.125,15.2,625.1,642.45,439.95
NDAQ,"Nasdaq, Inc.",46300147712.0,48.265064,1.66,80.12,83.77,54.54
NTAP,"NetApp, Inc.",24793165824.0,22.458563,5.43,121.95,135.45,83.62
NFLX,"Netflix, Inc.",397450805248.0,51.972282,17.68,918.87,941.75,461.86
NEM,Newmont Corporation,46581596160.0,,-2.19,40.22,58.72,29.42
NWSA,News Corporation,16880786432.0,46.14516,0.62,28.61,30.04,22.65
NWS,News Corporation,16873604096.0,50.69355,0.62,31.43,32.87,23.99
NEE,"NextEra Energy, Inc.",152963956736.0,21.8457,3.37,73.62,86.1,53.95
NKE,"Nike, Inc.",116299104256.0,22.13467,3.49,77.25,123.39,70.75
NI,NiSource Inc,17168193536.0,22.286585,1.64,36.55,38.56,24.8
NDSN,Nordson Corporation,14104608768.0,27.923553,8.11,226.46,279.38,222.18
NSC,Norfolk Southern Corporation,55704813568.0,23.11925,10.65,246.22,277.6,206.71
NTRS,Northern Trust Corporation,20808927232.0,13.073475,8.03,104.98,111.87,76.67
NOC,Northrop Grumman Corporation,69933604864.0,29.574862,16.23,480.0,555.57,418.6
NCLH,Norwegian Cruise Line Holdings ,12087469056.0,23.508772,1.14,26.8,28.64,14.69
NRG,"NRG Energy, Inc.",19308484608.0,23.509903,4.04,94.98,103.14,48.0
NUE,Nucor Corporation,30983718912.0,12.05486,10.39,125.25,203.0,125.0
NVDA,NVIDIA Corporation,3334944587776.0,53.06324,2.53,134.25,152.89,47.32
NVR,"NVR, Inc.",26467246080.0,17.590033,488.21,8587.63,9964.77,6768.02
NXPI,NXP Semiconductors N.V.,55645265920.0,20.7106,10.47,216.84,296.08,201.58
ORLY,"O'Reilly Automotive, Inc.",73352626176.0,31.46607,40.38,1270.6,1281.95,914.5
OXY,Occidental Petroleum Corporatio,44962394112.0,13.052054,3.65,47.64,71.19,47.2
ODFL,"Old Dominion Freight Line, Inc.",43220398080.0,35.024433,5.73,200.69,233.26,165.49
OMC,Omnicom Group Inc.,18121533440.0,12.338798,7.32,90.32,107.0,84.43
ON,ON Semiconductor Corporation,28445513728.0,16.367245,4.03,65.96,86.77,59.34
OKE,"ONEOK, Inc.",60779630592.0,22.040255,4.72,104.03,118.07,67.05
ORCL,Oracle Corporation,493981171712.0,42.49755,4.08,173.39,198.31,99.36
OTIS,Otis Worldwide Corporation,39349424128.0,24.32587,4.02,97.79,106.33,85.42
PCAR,PACCAR Inc.,60853284864.0,12.626816,8.95,113.01,125.5,90.04
PKG,Packaging Corporation of Americ,21382545408.0,27.750584,8.58,238.1,250.82,159.57
PLTR,Palantir Technologies Inc.,171655741440.0,380.35,0.2,76.07,80.91,15.664
PANW,"Palo Alto Networks, Inc.",128982671360.0,50.92228,7.72,393.12,410.23,260.09
PARA,Paramount Global,7654665728.0,,-9.06,11.22,16.63,9.54
PH,Parker-Hannifin Corporation,86961053696.0,30.28945,22.18,671.82,712.42,440.0
PAYX,"Paychex, Inc.",50756321280.0,30.0597,4.69,140.98,150.71,114.72
PAYC,"Paycom Software, Inc.",13535832064.0,28.253012,8.3,234.5,242.74,139.5
PYPL,"PayPal Holdings, Inc.",92629229568.0,21.77512,4.18,91.02,93.66,55.77
PNR,Pentair plc.,17856608256.0,26.79,4.0,107.16,110.71,68.08
PEP,"Pepsico, Inc.",216733270016.0,23.265097,6.79,157.97,183.41,155.85
PFE,"Pfizer, Inc.",144961601536.0,34.106667,0.75,25.58,31.54,24.48
PCG,Pacific Gas & Electric Co.,43321819136.0,15.4296875,1.28,19.75,21.72,15.94
PM,Philip Morris International Inc,196872568832.0,20.098413,6.3,126.62,134.15,87.82
PSX,Phillips 66,51229831168.0,15.653061,7.84,122.72,174.08,119.77
PNW,Pinnacle West Capital Corporati,9974659072.0,16.456766,5.32,87.55,95.42,65.2
PNC,"PNC Financial Services Group, I",80374718464.0,17.018581,11.84,201.5,216.26,139.69
POOL,Pool Corporation,14041011200.0,31.181273,11.64,362.95,422.73,293.51
PPG,"PPG Industries, Inc.",28807440384.0,19.678288,6.31,124.17,150.82,118.07
PPL,PPL Corporation,24153759744.0,29.09009,1.11,32.29,35.15,25.35
PFG,Principal Financial Group Inc,18173921280.0,,-0.74,78.91,91.98,72.21
PG,Procter & Gamble Company (The),402853134336.0,29.54404,5.79,171.06,180.43,142.5
PGR,Progressive Corporation (The),148096679936.0,18.29942,13.76,251.8,270.62,149.14
PLD,"Prologis, Inc.",103211655168.0,33.67576,3.3,111.13,136.76,101.11
PRU,"Prudential Financial, Inc.",42882568192.0,10.728407,11.23,120.48,130.55,100.6
PEG,Public Service Enterprise Group,43250909184.0,21.329237,4.07,86.81,95.22,56.85
PTC,PTC Inc.,23937163264.0,63.679485,3.12,198.68,203.09,163.3
PSA,Public Storage,56083755008.0,32.879917,9.66,317.62,369.99,256.31
PHM,"PulteGroup, Inc.",24531296256.0,8.739483,13.55,118.42,149.47,99.03
QRVO,"Qorvo, Inc.",6578113024.0,,-1.45,69.59,130.99,64.54
PWR,"Quanta Services, Inc.",49833811968.0,62.40296,5.41,337.6,350.19,187.27
QCOM,QUALCOMM Incorporated,177896030208.0,17.732662,8.94,158.53,230.63,134.94
DGX,Quest Diagnostics Incorporated,17300324352.0,20.833334,7.44,155.0,165.32,123.04
RL,Ralph Lauren Corporation,14208619520.0,21.682554,10.49,227.45,237.16,134.9
RJF,"Raymond James Financial, Inc.",32979894272.0,16.545362,9.7,160.49,171.38,104.24
RTX,RTX Corporation,157928652800.0,33.933716,3.47,117.75,128.7,79.67
O,Realty Income Corporation,48592281600.0,52.704765,1.05,55.34,64.88,50.65
REG,Regency Centers Corporation,13680031744.0,35.55189,2.12,75.37,76.53,56.51
REGN,"Regeneron Pharmaceuticals, Inc.",83836231680.0,18.074642,40.46,731.3,1211.2,728.68
RF,Regions Financial Corporation,23140421632.0,14.186441,1.77,25.11,27.96,17.42
RSG,"Republic Services, Inc.",65507917824.0,33.488785,6.24,208.97,220.58,160.65
RMD,ResMed Inc.,35485814784.0,31.633953,7.54,238.52,260.49,164.12
RVTY,"Revvity, Inc.",14186766336.0,55.473686,2.09,115.94,129.5,97.32
ROK,"Rockwell Automation, Inc.",33552990208.0,35.937122,8.27,297.2,312.76,242.81
ROL,"Rollins, Inc.",23735773184.0,50.27835,0.97,48.77,52.16,40.41
ROP,"Roper Technologies, Inc.",58547286016.0,40.004414,13.59,543.66,580.09,508.22
ROST,"Ross Stores, Inc.",50653999104.0,24.139936,6.36,153.53,163.6,127.53
RCL,Royal Caribbean Cruises Ltd.,66290044928.0,24.541542,9.99,245.17,258.7,113.1
SPGI,S&P Global Inc.,157974544384.0,44.63813,11.33,505.75,533.29,407.69
CRM,"Salesforce, Inc.",339074678784.0,58.17898,6.09,354.31,369.0,212.0
SBAC,SBA Communications Corporation,23056957440.0,33.8515,6.33,214.28,256.68,183.64
SLB,Schlumberger N.V.,57432555520.0,12.932477,3.11,40.22,55.69,38.66
STX,Seagate Technology Holdings PLC,20409495552.0,24.741602,3.87,95.75,115.32,79.39
SRE,DBA Sempra,56473853952.0,19.638767,4.54,89.16,95.77,66.4
NOW,"ServiceNow, Inc.",231301971968.0,174.35458,6.43,1121.1,1157.9,637.99
SHW,Sherwin-Williams Company (The),93074350080.0,36.268658,10.05,364.5,400.42,282.09
SPG,"Simon Property Group, Inc.",67217993728.0,23.91478,7.51,179.6,186.0,135.15
SWKS,"Skyworks Solutions, Inc.",14549612544.0,24.655827,3.69,90.98,120.86,82.13
SJM,The J.M. Smucker Company,12081408000.0,22.935354,4.95,113.53,134.62,105.69
SW,Smurfit WestRock plc,27963670528.0,74.625,0.72,53.73,56.986,38.55
SNA,Snap-On Incorporated,18649630720.0,18.257582,19.45,355.11,373.9,252.98
SOLV,Solventum Corporation,12099404800.0,178.35898,0.39,69.56,77.17,47.16
SO,Southern Company (The),91160576000.0,19.393938,4.29,83.2,94.45,65.8
LUV,Southwest Airlines Company,20011902976.0,,-0.08,33.02,36.12,23.58
SWK,"Stanley Black & Decker, Inc.",12933028864.0,,-1.24,82.8,110.88,77.7
SBUX,Starbucks Corporation,111131860992.0,29.432024,3.31,97.42,103.32,71.55
STT,State Street Corporation,29449949184.0,15.746081,6.38,100.46,101.91,70.2
STLD,"Steel Dynamics, Inc.",19605020672.0,11.004497,11.12,122.37,155.56,104.6
STE,STERIS plc (Ireland),21145077760.0,36.003365,5.95,214.22,248.24,197.82
SYK,Stryker Corporation,143222325248.0,40.107067,9.34,374.6,398.2,285.79
SMCI,"Super Micro Computer, Inc.",21546434560.0,18.134329,2.01,36.45,122.9,17.25
SYF,Synchrony Financial,26498752512.0,8.838961,7.7,68.06,69.386,35.29
SNPS,"Synopsys, Inc.",78382374912.0,54.889847,9.26,508.28,629.38,457.52
SYY,Sysco Corporation,39569006592.0,20.55527,3.89,79.96,82.89,69.03
TMUS,"T-Mobile US, Inc.",270397980672.0,26.446978,8.77,231.94,248.15,153.84
TROW,"T. Rowe Price Group, Inc.",26721611776.0,13.0931,9.13,119.54,125.81,100.49
TTWO,"Take-Two Interactive Software, ",32716261376.0,,-21.2,185.48,191.91,135.24
TPR,"Tapestry, Inc.",14921899008.0,18.31884,3.45,63.2,65.3,35.23
TRGP,"Targa Resources, Inc.",40412946432.0,33.38517,5.53,184.62,209.87,81.03
TGT,Target Corporation,61953052672.0,14.265111,9.43,134.52,181.86,120.21
TEL,TE Connectivity plc,44901220352.0,14.515473,10.34,150.09,159.98,128.52
TDY,Teledyne Technologies Incorpora,22138421248.0,24.077547,19.73,475.05,492.0,355.41
TFX,Teleflex Incorporated,8380527104.0,35.742065,5.04,180.14,257.85,179.82
TER,"Teradyne, Inc.",20067731456.0,39.24204,3.14,123.22,163.21,92.29
TSLA,"Tesla, Inc.",1422663876608.0,119.84341,3.64,436.23,436.3,138.8
TXN,Texas Instruments Incorporated,174771650560.0,35.545456,5.39,191.59,220.39,155.46
TPL,Texas Pacific Land Corporation,27779653632.0,61.454124,19.51,1198.97,1769.14,467.61667
TXT,Textron Inc.,15204140032.0,17.706781,4.57,80.92,97.34,76.98
TMO,Thermo Fisher Scientific Inc,205128826880.0,33.013157,15.96,526.89,627.88,493.3
TJX,"TJX Companies, Inc. (The)",140784599040.0,29.445755,4.24,124.85,128.0,88.58
TSCO,Tractor Supply Company,30520600576.0,27.794548,10.27,285.45,307.64,209.0
TT,Trane Technologies plc,89971015680.0,36.60495,10.91,399.36,422.0,233.76
TDG,Transdigm Group Incorporated,71150731264.0,49.03115,25.68,1259.12,1451.32,972.08
TRV,"The Travelers Companies, Inc.",56203689984.0,12.656733,19.46,246.3,269.56,181.41
TRMB,Trimble Inc.,17971265536.0,12.30602,5.98,73.59,76.97,48.6
TFC,Truist Financial Corporation,60773863424.0,,-4.86,45.78,49.06,34.23
TYL,"Tyler Technologies, Inc.",26177765376.0,111.81902,5.47,611.65,638.56,397.8
TSN,"Tyson Foods, Inc.",21775884288.0,26.88,2.25,60.48,66.88,50.97
USB,U.S. Bancorp,79951249408.0,15.701538,3.25,51.03,53.98,37.81
UBER,"Uber Technologies, Inc.",126195195904.0,29.522167,2.03,59.93,87.0,54.84
UDR,"UDR, Inc.",16515534848.0,117.02632,0.38,44.47,47.55,34.19
ULTA,"Ulta Beauty, Inc.",19953780736.0,16.984781,24.97,424.11,574.76,318.17
UNP,Union Pacific Corporation,142500806656.0,21.577593,10.89,234.98,258.66,218.55
UAL,"United Airlines Holdings, Inc.",32253892608.0,11.336114,8.39,95.11,105.09,37.02
UPS,"United Parcel Service, Inc.",109999144960.0,19.450151,6.62,128.76,163.82,123.12
URI,"United Rentals, Inc.",51782418432.0,20.37196,38.23,778.82,896.98,533.7
UNH,UnitedHealth Group Incorporated,495492792320.0,33.86337,15.37,520.48,630.73,436.38
UHS,"Universal Health Services, Inc.",12645076992.0,12.468396,15.03,187.4,243.25,147.33
VLO,Valero Energy Corporation,42021900288.0,11.35796,11.37,129.14,184.79,124.02
VTR,"Ventas, Inc.",25417537536.0,,-0.14,59.91,67.61,41.45
VLTO,Veralto Corp,25774440448.0,32.166668,3.24,104.22,115.0,73.91
VRSN,"VeriSign, Inc.",19055890432.0,23.006992,8.58,197.4,210.02,167.05
VRSK,"Verisk Analytics, Inc.",40012140544.0,43.726852,6.48,283.35,296.58,217.34
VZ,Verizon Communications Inc.,177983143936.0,18.30303,2.31,42.28,45.36,37.14
VRTX,Vertex Pharmaceuticals Incorpor,120497004544.0,,-1.9,463.73,519.88,391.01
VTRS,Viatris Inc.,15075042304.0,,-0.73,12.63,13.62,9.93
VICI,VICI Properties Inc.,33048541184.0,11.529629,2.7,31.13,34.29,27.075
V,Visa Inc.,608631586816.0,32.314167,9.74,314.74,317.42,252.7
VST,Vistra Corp.,49608015872.0,27.286253,5.31,144.89,168.67,37.38
VMC,Vulcan Materials Company (Holdi,36608466944.0,43.08906,6.4,275.77,298.31,218.37
WRB,W.R. Berkley Corporation,23303041024.0,15.619536,3.89,60.76,65.49,45.746666
GWW,"W.W. Grainger, Inc.",55960043520.0,30.982103,36.88,1142.62,1227.66,800.97
WAB,Westinghouse Air Brake Technolo,34642481152.0,33.28,6.0,199.68,207.51,120.89
WBA,"Walgreens Boots Alliance, Inc.",9084933120.0,,-10.01,10.39,27.05,8.08
WMT,Walmart Inc.,764147924992.0,38.94628,2.42,94.25,96.18,50.513332
DIS,Walt Disney Company (The),205251936256.0,41.669117,2.72,113.34,123.74,83.91
WBD,"Warner Bros. Discovery, Inc. - ",29609760768.0,,-4.58,12.07,12.7,6.64
WM,"Waste Management, Inc.",85599158272.0,32.59939,6.54,213.2,230.39,173.01
WAT,Waters Corporation,22590973952.0,36.02476,10.5,378.26,397.02,279.24
WEC,"WEC Energy Group, Inc.",30287730688.0,23.408312,4.09,95.74,102.79,75.13
WFC,Wells Fargo & Company,237179224064.0,14.644491,4.81,70.44,78.13,46.12
WELL,Welltower Inc.,80495599616.0,82.242035,1.57,129.12,140.75,85.4
WST,"West Pharmaceutical Services, I",23903012864.0,49.041603,6.73,330.05,413.7,265.0
WDC,Western Digital Corporation,23846424576.0,71.56044,0.91,65.12,81.55,48.96
WY,Weyerhaeuser Company,22193086464.0,41.17808,0.73,30.06,36.27,26.73
WMB,"Williams Companies, Inc. (The)",66591297536.0,23.06356,2.36,54.43,60.36,32.65
WTW,Willis Towers Watson Public Lim,31514537984.0,,-7.22,311.39,334.99,234.01
WYNN,"Wynn Resorts, Limited",10574030848.0,11.348139,8.33,94.53,110.38,71.63
XEL,Xcel Energy Inc.,39117365248.0,20.213652,3.37,68.12,73.38,46.79
XYL,Xylem Inc.,29858148352.0,34.755043,3.47,120.6,146.08,109.39
YUM,"Yum! Brands, Inc.",38232862720.0,25.607477,5.35,137.0,143.2,124.76
ZBRA,Zebra Technologies Corporation,20817172480.0,54.68699,7.38,403.59,413.44,233.95
ZBH,"Zimmer Biomet Holdings, Inc.",21263034368.0,20.37023,5.24,106.74,133.9,101.47
ZTS,Zoetis Inc.,80388571136.0,33.555553,5.31,178.18,200.53,144.8
